"drop_first","fit_to","df_rule","upper_thr","grid","NtC","branch"
TRUE,"means","file","orig","orig",1.0046157902784,"lower"
FALSE,"means","file","orig","orig",NA,"lower CI never > 90"
TRUE,"replicates","file","orig","orig",1.13240036323556,"lower"
FALSE,"replicates","file","orig","orig",NA,"lower CI never > 90"
TRUE,"means","fit","orig","orig",1.0046157902784,"lower"
FALSE,"means","fit","orig","orig",NA,"lower CI never > 90"
TRUE,"replicates","fit","orig","orig",1.25602996369487,"upper"
FALSE,"replicates","fit","orig","orig",0.251508957757033,"lower/10"
TRUE,"means","file","bendr","orig",1.0046157902784,"lower"
FALSE,"means","file","bendr","orig",NA,"lower CI never > 90"
TRUE,"replicates","file","bendr","orig",1.13240036323556,"lower"
FALSE,"replicates","file","bendr","orig",NA,"lower CI never > 90"
TRUE,"means","fit","bendr","orig",1.0046157902784,"lower"
FALSE,"means","fit","bendr","orig",NA,"lower CI never > 90"
TRUE,"replicates","fit","bendr","orig",1.25602996369487,"upper"
FALSE,"replicates","fit","bendr","orig",0.251508957757033,"lower/10"
TRUE,"means","file","orig","bendr",0.998907971376229,"lower"
FALSE,"means","file","orig","bendr",0.775937066162109,"lower"
TRUE,"replicates","file","orig","bendr",1.12663530325558,"lower"
FALSE,"replicates","file","orig","bendr",0.924191548775131,"lower"
TRUE,"means","fit","orig","bendr",0.998907971376229,"lower"
FALSE,"means","fit","orig","bendr",0.834576761467797,"lower"
TRUE,"replicates","fit","orig","bendr",1.25470145823239,"upper"
FALSE,"replicates","fit","orig","bendr",0.251222437853983,"lower/10"
TRUE,"means","file","bendr","bendr",0.998907971376229,"lower"
FALSE,"means","file","bendr","bendr",0.775937066162109,"lower"
TRUE,"replicates","file","bendr","bendr",1.12663530325558,"lower"
FALSE,"replicates","file","bendr","bendr",0.924191548775131,"lower"
TRUE,"means","fit","bendr","bendr",0.998907971376229,"lower"
FALSE,"means","fit","bendr","bendr",0.834576761467797,"lower"
TRUE,"replicates","fit","bendr","bendr",1.25470145823239,"upper"
FALSE,"replicates","fit","bendr","bendr",0.251222437853983,"lower/10"
